,"ALL ENCODE EXPERIMENTS
",,,,,,,,,"GROUPED BY TF
(median AUC in each group)",,,,,,"GROUPED BY CELL LINE
(lines with >=10 experiments; median AUC in each group)",,,,
,TF_CellLine_Antibody_Lab,DeepBind*,DeepBind,BestSexus,,BestMe,MEME-SUM,MEME-M1,,TF,DeepBind*,DeepBind,MEME-SUM,MEME-M1,,Cell Line,DeepBind*,DeepBind,MEME-SUM,MEME-M1
0,ARID3A_HepG2_ARID3A_(NB100-279)_Stanford,0.91804,0.79135,0.76688,0,0.79549,0.77985,0.73801,,ARID3A,0.90279,0.80062,0.78818,0.67335,,GM12878,0.93160,0.88656,0.87894,0.83043
1,ARID3A_K562_ARID3A_(sc-8821)_Stanford,0.88754,0.80989,0.72409,1,0.75546,0.79652,0.60868,,ATF1,0.93404,0.95286,0.89956,0.91806,,H1-hESC,0.92785,0.89873,0.88482,0.81534
2,ATF1_K562_ATF1_(06-325)_Harvard,0.93404,0.95286,0.90881,0,0.92047,0.89956,0.91806,,ATF2,0.89182,0.81171,0.77753,0.70077,,HUVEC,0.94616,0.92097,0.88591,0.85822
3,ATF2_GM12878_ATF2_(SC-81188)_HudsonAlpha,0.93099,0.82465,0.79032,0,0.82346,0.79012,0.62545,,ATF3,0.93414,0.92307,0.87209,0.74378,,HeLa-S3,0.94362,0.92511,0.88452,0.85796
4,ATF2_H1-hESC_ATF2_(SC-81188)_HudsonAlpha,0.85265,0.79878,0.75748,0,0.79830,0.76493,0.77610,,BACH1,0.97758,0.96569,0.91459,0.90411,,HepG2,0.96035,0.94461,0.91697,0.89743
5,ATF3_H1-hESC_ATF3_HudsonAlpha,0.95359,0.92307,0.89220,0,0.90616,0.88725,0.83956,,BATF,0.98754,0.97148,0.93060,0.96059,,K562,0.93188,0.88711,0.86874,0.82533
6,ATF3_HepG2_ATF3_HudsonAlpha,0.93414,0.88794,0.84297,0,0.88739,0.87209,0.74378,,BCL11A,0.93750,0.86853,0.83662,0.68527,,"average of 
median 
AUCs",0.94024,0.91051,0.88665,0.84745
7,ATF3_K562_ATF3_HudsonAlpha,0.87820,0.93583,0.81630,7,0.81003,0.87122,0.58221,,BCL3,0.81353,0.76488,0.65722,0.61675,,,,,,
8,BACH1_H1-hESC_Bach1_(sc-14700)_Stanford,0.96876,0.95071,0.91242,0,0.93537,0.88392,0.85739,,BCLAF1,0.79320,0.73065,0.72181,0.68699,,,,,,
9,BACH1_K562_Bach1_(sc-14700)_Stanford,0.98640,0.98067,0.96599,0,0.97888,0.94526,0.95084,,BDP1,0.71670,0.73563,0.55914,0.54736,,,,,,
10,BATF_GM12878_BATF_HudsonAlpha,0.98754,0.97148,0.94220,0,0.97296,0.93060,0.96059,,BHLHE40,0.93160,0.90839,0.89864,0.89695,,,,,,
11,BCL11A_GM12878_BCL11A_HudsonAlpha,0.96225,0.85562,0.84686,0,0.84366,0.85397,0.67765,,BRCA1,0.93532,0.92837,0.89158,0.80055,,,,,,
12,BCL11A_H1-hESC_BCL11A_HudsonAlpha,0.91275,0.88145,0.74464,12,0.75013,0.81927,0.69289,,CBX3,0.86907,0.74760,0.61929,0.53214,,,,,,
13,BCL3_GM12878_BCL3_HudsonAlpha,0.87831,0.77409,0.75148,0,0.75014,0.61992,0.55247,,CCNT2,0.90036,0.80293,0.79290,0.65800,,,,,,
14,BCL3_K562_BCL3_HudsonAlpha,0.74876,0.75566,0.64813,14,0.66349,0.69452,0.68102,,CEBPB,0.99100,0.98140,0.95745,0.98324,,,,,,
15,BCLAF1_GM12878_BCLAF1_(SC-101388)_HudsonAlpha,0.78970,0.75335,0.69086,15,0.71240,0.74999,0.68796,,CEBPD,0.92724,0.90210,0.88424,0.79998,,,,,,
16,BCLAF1_K562_BCLAF1_(SC-101388)_HudsonAlpha,0.79671,0.70794,0.67262,0,0.67998,0.69363,0.68603,,CHD1,0.69700,0.59703,0.56807,0.54681,,,,,,
17,BDP1_K562_BDP1_Harvard,0.71670,0.73563,0.63789,17,0.60453,0.55914,0.54736,,CHD2,0.94344,0.91512,0.89664,0.72502,,,,,,
18,BHLHE40_A549_BHLHE40_Stanford,0.92631,0.90839,0.89714,0,0.91119,0.89572,0.89350,,CTBP2,0.78053,0.63362,0.61279,0.61049,,,,,,
19,BHLHE40_GM12878_BHLHE40_(NB100-1800)_Stanford,0.93160,0.90013,0.88737,0,0.89958,0.89354,0.89695,,CTCF,0.99691,0.99343,0.95088,0.97170,,,,,,
20,BHLHE40_HepG2_BHLHE40_(NB100-1800)_Stanford,0.92317,0.88107,0.86742,0,0.88359,0.89864,0.88116,,CTCFL,0.98674,0.97344,0.97272,0.98093,,,,,,
21,BHLHE40_HepG2_BHLHE40_HudsonAlpha,0.96071,0.93983,0.94340,0,0.94084,0.92980,0.91720,,E2F1,0.84988,0.73108,0.62930,0.62382,,,,,,
22,BHLHE40_K562_BHLHE40_(NB100-1800)_Stanford,0.95703,0.94159,0.91383,0,0.94368,0.92504,0.93129,,E2F4,0.87848,0.85978,0.86938,0.77157,,,,,,
23,BRCA1_GM12878_BRCA1_(A300-000A)_Stanford,0.97483,0.96594,0.92936,0,0.96298,0.95696,0.95664,,E2F6,0.90572,0.81450,0.86846,0.75066,,,,,,
24,BRCA1_H1-hESC_BRCA1_(A300-000A)_Stanford,0.90337,0.89037,0.84048,0,0.87261,0.82463,0.80055,,EBF1,0.97747,0.92894,0.85740,0.91032,,,,,,
25,BRCA1_HeLa-S3_BRCA1_(A300-000A)_Stanford,0.93532,0.92837,0.82576,25,0.84390,0.89158,0.76154,,EGR1,0.94433,0.93066,0.89475,0.90565,,,,,,
26,CBX3_K562_CBX3_(SC-101004)_HudsonAlpha,0.86907,0.74760,0.66277,26,0.67038,0.61929,0.53214,,ELF1,0.98286,0.97320,0.96571,0.97276,,,,,,
27,CCNT2_K562_CCNT2_Harvard,0.90036,0.80293,0.74536,27,0.80018,0.79290,0.65800,,ELK1,0.95724,0.94848,0.94116,0.93895,,,,,,
28,CEBPB_A549_CEBPB_Stanford,0.99254,0.97624,0.98296,0,0.98616,0.94638,0.98465,,ELK4,0.93594,0.91305,0.91099,0.91363,,,,,,
29,CEBPB_H1-hESC_CEBPB_Stanford,0.99456,0.99220,0.98735,0,0.99150,0.98809,0.98878,,EP300,0.91189,0.80648,0.76026,0.69723,,,,,,
30,CEBPB_HeLa-S3_CEBPB_Stanford,0.98892,0.97485,0.95990,0,0.97873,0.95294,0.97694,,ETS1,0.87246,0.81784,0.83572,0.69264,,,,,,
31,CEBPB_HepG2_CEBPB_(SC-150)_HudsonAlpha,0.98808,0.97961,0.96734,0,0.98680,0.97683,0.97747,,EZH2,0.73057,0.65047,0.56588,0.53256,,,,,,
32,CEBPB_HepG2_CEBPB_Stanford,0.98947,0.98644,0.98409,0,0.98449,0.96333,0.98183,,FAM48A,0.63538,0.57350,0.55409,0.53877,,,,,,
33,CEBPB_IMR90_CEBPB_Stanford,0.99480,0.98320,0.98564,0,0.99156,0.93748,0.98585,,FOS,0.98354,0.96826,0.95657,0.96135,,,,,,
34,CEBPB_K562_CEBPB_(SC-150)_HudsonAlpha,0.97945,0.97675,0.94454,0,0.95854,0.96195,0.97262,,FOSL1,0.87523,0.87166,0.96370,0.88692,,,,,,
35,CEBPB_K562_CEBPB_Stanford,0.99303,0.98608,0.97676,0,0.98733,0.92834,0.98494,,FOSL2,0.98888,0.98073,0.96390,0.95428,,,,,,
36,CEBPD_HepG2_CEBPD_(SC-636)_HudsonAlpha,0.92724,0.90210,0.83832,36,0.87014,0.88424,0.79998,,FOXA1,0.98375,0.97216,0.95000,0.96886,,,,,,
37,CHD1_GM12878_CHD1_(A301-218A)_Stanford,0.69700,0.62525,0.66137,0,0.64536,0.56807,0.54681,,FOXA2,0.98447,0.96626,0.95221,0.95772,,,,,,
38,CHD1_H1-hESC_CHD1_(A301-218A)_Broad,0.68805,0.58953,0.65061,0,0.64935,0.58128,0.55816,,FOXM1,0.91634,0.77646,0.77433,0.65724,,,,,,
39,CHD1_K562_CHD1_(A301-218A)_Broad,0.70404,0.59703,0.65978,0,0.66998,0.50633,0.49039,,FOXP2,0.89764,0.81001,0.79736,0.71901,,,,,,
40,CHD2_GM12878_CHD2_(AB68301)_Stanford,0.88408,0.85085,0.74807,40,0.76776,0.90539,0.71048,,GABPA,0.97192,0.97085,0.96247,0.96103,,,,,,
41,CHD2_H1-hESC_CHD2_(AB68301)_Stanford,0.94344,0.91905,0.76733,41,0.79104,0.89664,0.72502,,GATA1,0.95795,0.95426,0.88362,0.93765,,,,,,
42,CHD2_HeLa-S3_CHD2_(AB68301)_Stanford,0.83664,0.91512,0.76880,42,0.77609,0.88626,0.71606,,GATA2,0.94740,0.92953,0.87841,0.88831,,,,,,
43,CHD2_HepG2_CHD2_(AB68301)_Stanford,0.95999,0.91670,0.88403,0,0.87337,0.92530,0.90525,,GATA3,0.89395,0.78087,0.75790,0.74640,,,,,,
44,CHD2_K562_CHD2_(AB68301)_Stanford,0.95394,0.88826,0.89046,0,0.87666,0.87602,0.87303,,GTF2B,0.75183,0.66407,0.61673,0.56651,,,,,,
45,CTBP2_H1-hESC_CtBP2_USC,0.78053,0.63362,0.72689,0,0.72546,0.61279,0.61049,,GTF2F1,0.77597,0.67436,0.65592,0.54634,,,,,,
46,CTCFL_K562_CTCFL_(SC-98982)_HudsonAlpha,0.98674,0.97344,0.95184,0,0.95823,0.97272,0.98093,,HDAC1,0.71932,0.65349,0.59620,0.56531,,,,,,
47,CTCF_A549_CTCF_UT-A,0.99883,0.99543,0.97994,0,0.97849,0.95038,0.96428,,HDAC2,0.88561,0.79150,0.75780,0.64358,,,,,,
48,CTCF_A549_CTCF_UW,0.99297,0.98582,0.97738,0,0.98512,0.95890,0.94642,,HDAC6,0.62572,0.60046,0.54562,0.51364,,,,,,
49,CTCF_AG04449_CTCF_UW,0.99715,0.98988,0.97972,0,0.97603,0.92241,0.98095,,HMGN3,0.85716,0.67111,0.77998,0.60525,,,,,,
50,CTCF_AG04450_CTCF_UW,0.99868,0.99764,0.98440,0,0.98681,0.92860,0.97378,,HNF4A,0.98610,0.95852,0.86846,0.95020,,,,,,
51,CTCF_AG09309_CTCF_UW,0.99600,0.99483,0.98156,0,0.97855,0.93092,0.98428,,HNF4G,0.97489,0.95248,0.91484,0.93118,,,,,,
52,CTCF_AG09319_CTCF_UW,0.99751,0.99607,0.98751,0,0.98563,0.97679,0.98030,,IKZF1,0.80112,0.69841,0.68430,0.63200,,,,,,
53,CTCF_AG10803_CTCF_UW,0.99433,0.99704,0.98470,0,0.98366,0.94466,0.97032,,IRF3,0.95920,0.95865,0.93223,0.93458,,,,,,
54,CTCF_AoAF_CTCF_UW,0.99599,0.99370,0.97728,0,0.98272,0.96587,0.97349,,IRF4,0.97236,0.95481,0.87438,0.74060,,,,,,
55,CTCF_BE(2)-C_CTCF_UW,0.99578,0.98920,0.97454,0,0.97394,0.96662,0.97632,,JUN,0.98381,0.95304,0.96975,0.93725,,,,,,
56,CTCF_BJ_CTCF_UW,0.99886,0.99571,0.98849,0,0.98539,0.96713,0.97638,,JUNB,0.98010,0.96389,0.89339,0.67895,,,,,,
57,CTCF_Caco-2_CTCF_UW,0.99691,0.99294,0.98115,0,0.98192,0.95365,0.98170,,JUND,0.98457,0.96042,0.95251,0.90778,,,,,,
58,CTCF_Dnd41_CTCF_Broad,0.99479,0.99217,0.98052,0,0.98486,0.94410,0.97295,,KAP1,0.81389,0.74450,0.61679,0.56961,,,,,,
59,CTCF_Fibrobl_CTCF_UT-A,0.99461,0.99134,0.96892,0,0.96699,0.94927,0.97248,,KDM5A,0.80116,0.73450,0.78091,0.69838,,,,,,
60,CTCF_GM06990_CTCF_UW,0.99163,0.99347,0.97281,0,0.98338,0.92048,0.97189,,KDM5B,0.81491,0.67062,0.64860,0.59356,,,,,,
61,CTCF_GM12801_CTCF_UW,0.99706,0.99414,0.97797,0,0.98613,0.92607,0.97433,,MAFF,0.99843,0.99368,0.96256,0.98161,,,,,,
62,CTCF_GM12864_CTCF_UW,0.99834,0.99522,0.97465,0,0.98058,0.95802,0.96633,,MAFK,0.99941,0.99373,0.97063,0.97048,,,,,,
63,CTCF_GM12865_CTCF_UW,0.99801,0.99584,0.97698,0,0.98057,0.95814,0.97352,,MAX,0.94309,0.91589,0.92076,0.91981,,,,,,
64,CTCF_GM12872_CTCF_UW,0.99821,0.99300,0.97613,0,0.98881,0.94726,0.97730,,MAZ,0.88337,0.81057,0.80978,0.77438,,,,,,
65,CTCF_GM12873_CTCF_UW,0.99918,0.99672,0.97922,0,0.98347,0.94087,0.96612,,MEF2A,0.97455,0.92690,0.90217,0.90807,,,,,,
66,CTCF_GM12874_CTCF_UW,0.99666,0.99311,0.97516,0,0.98165,0.94050,0.96768,,MEF2C,0.97502,0.92492,0.93105,0.90781,,,,,,
67,CTCF_GM12875_CTCF_UW,0.99778,0.99339,0.98387,0,0.98934,0.93836,0.97020,,MTA3,0.89432,0.69982,0.78320,0.66360,,,,,,
68,CTCF_GM12878_CTCF_(SC-15914)_Stanford,0.99424,0.99039,0.98204,0,0.98279,0.96362,0.96842,,MXI1,0.89091,0.86320,0.85228,0.65890,,,,,,
69,CTCF_GM12878_CTCF_Broad,0.99086,0.98758,0.97865,0,0.98159,0.93119,0.96952,,MYBL2,0.78342,0.71889,0.70407,0.57510,,,,,,
70,CTCF_GM12878_CTCF_UT-A,0.99758,0.99332,0.98903,0,0.98693,0.95874,0.96751,,MYC,0.93007,0.86774,0.87870,0.85822,,,,,,
71,CTCF_GM12878_CTCF_UW,0.99762,0.99588,0.99008,0,0.98493,0.88030,0.96543,,NANOG,0.95269,0.92493,0.86416,0.71630,,,,,,
72,CTCF_GM12891_CTCF_UT-A,0.99655,0.99572,0.95981,0,0.96330,0.95860,0.98025,,NFATC1,0.85794,0.79196,0.64378,0.51734,,,,,,
73,CTCF_GM12892_CTCF_UT-A,0.99581,0.99374,0.96598,0,0.96345,0.96147,0.96144,,NFE2,0.99680,0.99376,0.96588,0.91498,,,,,,
74,CTCF_GM19238_CTCF_UT-A,0.99785,0.99382,0.96299,0,0.96945,0.96938,0.98067,,NFIC,0.91138,0.76601,0.80844,0.68437,,,,,,
75,CTCF_GM19239_CTCF_UT-A,0.99456,0.98523,0.97087,0,0.97539,0.97138,0.97151,,NFYA,0.97296,0.95843,0.94764,0.94270,,,,,,
76,CTCF_GM19240_CTCF_UT-A,0.99741,0.99530,0.96590,0,0.96832,0.95647,0.97484,,NFYB,0.98954,0.98716,0.97192,0.97590,,,,,,
77,CTCF_Gliobla_CTCF_UT-A,0.99431,0.99322,0.97782,0,0.96948,0.93427,0.96368,,NR2C2,0.87104,0.88677,0.83213,0.73116,,,,,,
78,CTCF_H1-hESC_CTCF_(SC-5916)_HudsonAlpha,0.99110,0.98572,0.97279,0,0.97826,0.96159,0.96575,,NR2F2,0.95311,0.91232,0.88461,0.85280,,,,,,
79,CTCF_H1-hESC_CTCF_Broad,0.99795,0.99164,0.97785,0,0.97450,0.88724,0.95497,,NRF1,0.99361,0.98657,0.97673,0.97306,,,,,,
80,CTCF_H1-hESC_CTCF_UT-A,0.99386,0.99450,0.96904,0,0.96948,0.94761,0.97243,,PAX5,0.94207,0.89985,0.83951,0.82368,,,,,,
81,CTCF_HA-sp_CTCF_UW,0.99892,0.99728,0.98297,0,0.98776,0.94978,0.98062,,PBX3,0.90865,0.97470,0.95342,0.91573,,,,,,
82,CTCF_HAc_CTCF_UW,0.99755,0.99315,0.97474,0,0.98426,0.96996,0.97644,,PHF8,0.76690,0.68571,0.59769,0.57008,,,,,,
83,CTCF_HBMEC_CTCF_UW,0.99911,0.99548,0.97404,0,0.97930,0.93397,0.97231,,PML,0.83108,0.75854,0.71324,0.71601,,,,,,
84,CTCF_HCFaa_CTCF_UW,0.99700,0.99413,0.98075,0,0.98200,0.96961,0.96378,,POLR2A,0.79023,0.68120,0.64474,0.60129,,,,,,
85,CTCF_HCM_CTCF_UW,0.99503,0.98917,0.97492,0,0.97002,0.96244,0.97038,,POU2F2,0.93418,0.88746,0.87347,0.84409,,,,,,
86,CTCF_HCPEpiC_CTCF_UW,0.99794,0.99359,0.97336,0,0.98341,0.91395,0.96074,,POU5F1,0.97697,0.95884,0.91060,0.91886,,,,,,
87,CTCF_HCT-116_CTCF_UW,0.99682,0.99540,0.96868,0,0.97564,0.96572,0.96814,,PRDM1,0.98151,0.97187,0.93712,0.96088,,,,,,
88,CTCF_HEEpiC_CTCF_UW,0.99723,0.99811,0.97613,0,0.97718,0.94817,0.97581,,RAD21,0.99708,0.99683,0.97616,0.97923,,,,,,
89,CTCF_HEK293_CTCF_UW,0.99778,0.99682,0.98149,0,0.97860,0.95450,0.95850,,RBBP5,0.75947,0.67280,0.58004,0.56732,,,,,,
90,CTCF_HFF-Myc_CTCF_UW,0.99726,0.99500,0.98502,0,0.98764,0.95561,0.95855,,RCOR1,0.87447,0.78267,0.77892,0.70589,,,,,,
91,CTCF_HFF_CTCF_UW,0.99626,0.99129,0.98370,0,0.98515,0.94363,0.96488,,REST,0.99866,0.99912,0.99040,0.93764,,,,,,
92,CTCF_HMEC_CTCF_Broad,0.99568,0.99707,0.97752,0,0.98032,0.95810,0.97066,,RFX5,0.93688,0.94756,0.89190,0.85278,,,,,,
93,CTCF_HMEC_CTCF_UW,0.99586,0.99324,0.97826,0,0.97595,0.96455,0.96558,,RPC155,0.94541,0.92740,0.83500,0.66880,,,,,,
94,CTCF_HMF_CTCF_UW,0.99872,0.99510,0.98684,0,0.98666,0.93585,0.98588,,RUNX3,0.97420,0.93657,0.92966,0.92143,,,,,,
95,CTCF_HPAF_CTCF_UW,0.99871,0.99586,0.98048,0,0.98265,0.97710,0.97299,,RXRA,0.83126,0.78668,0.75006,0.69833,,,,,,
96,CTCF_HPF_CTCF_UW,0.99664,0.99751,0.97794,0,0.98722,0.93018,0.96648,,SAP30,0.67138,0.60625,0.59861,0.53670,,,,,,
97,CTCF_HRE_CTCF_UW,0.99721,0.99223,0.98490,0,0.98943,0.93251,0.97744,,SETDB1,0.89627,0.86488,0.68932,0.60423,,,,,,
98,CTCF_HRPEpiC_CTCF_UW,0.99683,0.99497,0.97749,0,0.98240,0.95252,0.97282,,SIN3A,0.83728,0.73171,0.71910,0.54518,,,,,,
99,CTCF_HSMM_CTCF_Broad,0.99721,0.99399,0.98232,0,0.98644,0.96572,0.97731,,SIN3AK20,0.81543,0.76936,0.74966,0.57510,,,,,,
100,CTCF_HSMMtube_CTCF_Broad,0.99701,0.98831,0.97607,0,0.97286,0.94046,0.97608,,SIRT6,0.87737,0.86329,0.83694,0.73022,,,,,,
101,CTCF_HUVEC_CTCF_Broad,0.99040,0.98753,0.96768,0,0.96807,0.93133,0.97761,,SIX5,0.98543,0.95841,0.95002,0.93245,,,,,,
102,CTCF_HUVEC_CTCF_UT-A,0.99857,0.99870,0.99114,0,0.99409,0.91174,0.97581,,SMARCB1,0.75634,0.63875,0.62439,0.59142,,,,,,
103,CTCF_HUVEC_CTCF_UW,0.99864,0.98885,0.99087,0,0.98926,0.94304,0.97732,,SMC3,0.99739,0.99656,0.97050,0.97916,,,,,,
104,CTCF_HVMF_CTCF_UW,0.99772,0.99618,0.98543,0,0.98828,0.95795,0.95396,,SP1,0.90490,0.87598,0.85520,0.77690,,,,,,
105,CTCF_HeLa-S3_CTCF_Broad,0.99323,0.99024,0.94574,0,0.96991,0.95131,0.96830,,SP2,0.93086,0.93058,0.92219,0.77111,,,,,,
106,CTCF_HeLa-S3_CTCF_UT-A,0.99751,0.99286,0.97871,0,0.97989,0.94488,0.97579,,SP4,0.80808,0.68655,0.74324,0.64248,,,,,,
107,CTCF_HeLa-S3_CTCF_UW,0.99816,0.99323,0.98582,0,0.98903,0.87672,0.95575,,SPI1,0.99827,0.99767,0.95075,0.99101,,,,,,
108,CTCF_HepG2_CTCF_(SC-5916)_HudsonAlpha,0.99587,0.99099,0.98100,0,0.97488,0.98699,0.98961,,SRF,0.95411,0.91249,0.90770,0.81534,,,,,,
109,CTCF_HepG2_CTCF_Broad,0.99402,0.98987,0.97474,0,0.96840,0.91911,0.93383,,STAT3,0.97501,0.92539,0.90031,0.85747,,,,,,
110,CTCF_HepG2_CTCF_UT-A,0.99959,0.99669,0.98968,0,0.98780,0.94829,0.94310,,STAT5A,0.91815,0.86244,0.84589,0.60710,,,,,,
111,CTCF_HepG2_CTCF_UW,0.99554,0.99260,0.97929,0,0.98127,0.97265,0.97243,,SUZ12,0.65780,0.66115,0.51610,0.52490,,,,,,
112,CTCF_IMR90_CTCF_(SC-15914)_Stanford,0.99329,0.99211,0.98504,0,0.98317,0.97308,0.97274,,TAF1,0.85592,0.76735,0.77037,0.67049,,,,,,
113,CTCF_K562_CTCF_(SC-15914)_Stanford,0.99291,0.98848,0.97864,0,0.98231,0.91957,0.95734,,TAF7,0.74897,0.65875,0.64047,0.58479,,,,,,
114,CTCF_K562_CTCF_(SC-5916)_HudsonAlpha,0.99154,0.98399,0.97220,0,0.97521,0.94344,0.94702,,TAL1,0.98762,0.97456,0.96044,0.96440,,,,,,
115,CTCF_K562_CTCF_Broad,0.98939,0.98092,0.96273,0,0.96039,0.95044,0.96767,,TBL1XR1,0.89857,0.83008,0.76949,0.69380,,,,,,
116,CTCF_K562_CTCF_UT-A,0.99601,0.99338,0.98120,0,0.98155,0.94301,0.95424,,TBP,0.76704,0.78880,0.72500,0.60082,,,,,,
117,CTCF_K562_CTCF_UW,0.99642,0.98445,0.97887,0,0.98425,0.95760,0.95886,,TCF12,0.93035,0.87923,0.88494,0.86284,,,,,,
118,CTCF_MCF-7_CTCF_UT-A,0.99303,0.98641,0.96596,0,0.96909,0.96976,0.97260,,TCF3,0.89812,0.83052,0.84858,0.83043,,,,,,
119,CTCF_MCF-7_CTCF_UW,0.99758,0.99094,0.98118,0,0.98383,0.96644,0.97755,,TCF7L2,0.89539,0.88188,0.85302,0.85928,,,,,,
120,CTCF_NB4_CTCF_UW,0.99861,0.99592,0.98814,0,0.98915,0.94853,0.97861,,TEAD4,0.96716,0.93851,0.90606,0.93008,,,,,,
121,CTCF_NH-A_CTCF_Broad,0.99779,0.99437,0.98536,0,0.98772,0.96059,0.97374,,TFAP2A,0.97343,0.94638,0.87227,0.92626,,,,,,
122,CTCF_NHDF-Ad_CTCF_Broad,0.99610,0.99375,0.98376,0,0.98596,0.89195,0.98163,,TFAP2C,0.96706,0.92482,0.91032,0.90308,,,,,,
123,CTCF_NHDF-neo_CTCF_UW,0.99828,0.99641,0.98464,0,0.98665,0.96063,0.96400,,THAP1,0.83479,0.81224,0.81379,0.63632,,,,,,
124,CTCF_NHEK_CTCF_Broad,0.99479,0.99348,0.97292,0,0.98703,0.96900,0.97641,,TRIM28,0.84043,0.86927,0.83231,0.82466,,,,,,
125,CTCF_NHEK_CTCF_UT-A,0.99534,0.99311,0.97317,0,0.97992,0.95582,0.96016,,UBTF,0.75195,0.71452,0.60841,0.58482,,,,,,
126,CTCF_NHEK_CTCF_UW,0.99694,0.99369,0.98583,0,0.98525,0.95376,0.96474,,USF1,0.99311,0.99046,0.98475,0.98967,,,,,,
127,CTCF_NHLF_CTCF_Broad,0.99544,0.99387,0.97685,0,0.98532,0.90958,0.96949,,USF2,0.99467,0.99154,0.98743,0.98862,,,,,,
128,CTCF_NHLF_CTCF_UW,0.99761,0.99162,0.96860,0,0.97410,0.93954,0.97438,,WRNIP1,0.74653,0.60439,0.56527,0.48690,,,,,,
129,CTCF_Osteoblasts_CTCF_Broad,0.99720,0.99185,0.97991,0,0.98242,0.96790,0.96818,,YY1,0.98272,0.98683,0.96334,0.97440,,,,,,
130,CTCF_ProgFib_CTCF_UT-A,0.99630,0.99292,0.97419,0,0.97789,0.97700,0.98134,,ZBTB33,0.90831,0.88963,0.86020,0.83460,,,,,,
131,CTCF_RPTEC_CTCF_UW,0.99690,0.99536,0.97986,0,0.99292,0.96176,0.96679,,ZBTB7A,0.87515,0.80725,0.76662,0.74218,,,,,,
132,CTCF_SAEC_CTCF_UW,0.99347,0.98680,0.97909,0,0.98732,0.96285,0.96610,,ZEB1,0.91269,0.88656,0.87471,0.85414,,,,,,
133,CTCF_SK-N-SH-(Retinoic-Acid)_CTCF_HudsonAlpha,0.99766,0.99480,0.97763,0,0.98264,0.91758,0.96461,,ZNF143,0.98110,0.98666,0.98271,0.95301,,,,,,
134,CTCF_SK-N-SH-(Retinoic-Acid)_CTCF_UW,0.99357,0.99233,0.98068,0,0.98758,0.97645,0.97645,,ZNF217,0.87329,0.70863,0.72666,0.66878,,,,,,
135,CTCF_WERI-Rb-1_CTCF_UW,0.99557,0.99015,0.97078,0,0.98145,0.94518,0.97461,,ZNF263,0.92161,0.88849,0.84285,0.78917,,,,,,
136,CTCF_WI-38_CTCF_UW,0.99772,0.99500,0.98423,0,0.98050,0.91215,0.92847,,ZNF274,0.92168,0.87146,0.80287,0.79339,,,,,,
137,E2F1_HeLa-S3_E2F1_USC,0.84988,0.76858,0.75516,0,0.81934,0.58507,0.62382,,"average of
median 
AUCs",0.89892,0.85360,0.82430,0.77724,,,,,,
138,E2F1_HeLa-S3_HA-E2F1_USC,0.84901,0.65633,0.80855,0,0.84135,0.62930,0.61672,,,,,,,,,,,,
139,E2F1_MCF-7_HA-E2F1_USC,0.85337,0.73108,0.76871,0,0.81386,0.66790,0.64976,,,,,,,,,,,,
140,E2F4_GM12878_E2F4_Stanford,0.91344,0.90304,0.76924,140,0.77488,0.88645,0.74214,,,,,,,,,,,,
141,E2F4_HeLa-S3_E2F4_USC,0.87848,0.85978,0.72360,141,0.78584,0.86826,0.78948,,,,,,,,,,,,
142,E2F4_K562_E2F4_USC,0.87448,0.82318,0.75579,142,0.81187,0.86938,0.77157,,,,,,,,,,,,
143,E2F6_HeLa-S3_E2F6_USC,0.83969,0.81450,0.73161,143,0.74488,0.81278,0.73918,,,,,,,,,,,,
144,E2F6_K562_E2F6_HudsonAlpha,0.90572,0.88621,0.86216,0,0.88518,0.87643,0.77566,,,,,,,,,,,,
145,E2F6_K562_E2F6_USC,0.91401,0.75593,0.84718,0,0.86711,0.86846,0.75066,,,,,,,,,,,,
147,EBF1_GM12878_EBF1_(SC-137065)_Stanford,0.97793,0.95709,0.95151,0,,0.86273,0.94492,,,,,,,,,,,,
148,EGR1_GM12878_Egr-1_HudsonAlpha,0.94433,0.93066,0.89367,0,,0.89475,0.90565,,,,,,,,,,,,
149,EGR1_H1-hESC_Egr-1_HudsonAlpha,0.91874,0.85673,0.83518,0,,0.83926,0.80663,,,,,,,,,,,,
150,EGR1_K562_Egr-1_HudsonAlpha,0.98276,0.96990,0.96821,0,,0.91835,0.93513,,,,,,,,,,,,
151,ELF1_GM12878_ELF1_(SC-631)_HudsonAlpha,0.98021,0.97032,0.96598,0,,0.96055,0.96309,,,,,,,,,,,,
152,ELF1_HepG2_ELF1_(SC-631)_HudsonAlpha,0.98286,0.97320,0.97074,0,,0.96571,0.97276,,,,,,,,,,,,
153,ELF1_K562_ELF1_(SC-631)_HudsonAlpha,0.98800,0.98189,0.98436,0,,0.97579,0.98037,,,,,,,,,,,,
154,ELK1_GM12878_ELK1_(1277-1)_Stanford,0.95285,0.94789,0.93815,0,,0.94134,0.93170,,,,,,,,,,,,
155,ELK1_HeLa-S3_ELK1_(1277-1)_Stanford,0.96163,0.94907,0.91416,0,,0.94099,0.94620,,,,,,,,,,,,
156,ELK4_HeLa-S3_ELK4_USC,0.93594,0.91305,0.91894,0,,0.91099,0.91363,,,,,,,,,,,,
157,EP300_GM12878_p300_HudsonAlpha,0.84435,0.71855,0.70731,0,,0.76026,0.66806,,,,,,,,,,,,
158,EP300_GM12878_p300_Stanford,0.89804,0.80648,0.78726,0,,0.72652,0.64109,,,,,,,,,,,,
159,EP300_H1-hESC_p300_HudsonAlpha,0.80863,0.69761,0.64971,0,,0.67538,0.55214,,,,,,,,,,,,
160,EP300_HeLa-S3_p300_(SC-584)_Stanford,0.91962,0.90231,0.86526,0,,0.87544,0.79160,,,,,,,,,,,,
161,EP300_HepG2_p300_HudsonAlpha,0.92598,0.86237,0.82318,0,,0.84968,0.75584,,,,,,,,,,,,
162,EP300_K562_p300_Stanford,0.95523,0.91325,0.87985,0,,0.88185,0.88024,,,,,,,,,,,,
163,EP300_SK-N-SH-(Retinoic-Acid)_p300_HudsonAlpha,0.91189,0.79367,0.77184,0,,0.72094,0.69723,,,,,,,,,,,,
164,ETS1_GM12878_ETS1_HudsonAlpha,0.91390,0.87854,0.81647,164,,0.87894,0.67050,,,,,,,,,,,,
165,ETS1_K562_ETS1_HudsonAlpha,0.83103,0.75715,0.76243,0,,0.79250,0.71478,,,,,,,,,,,,
166,EZH2_GM12878_EZH2_(39875)_Broad,0.69666,0.64093,0.62598,0,,0.56708,0.52545,,,,,,,,,,,,
167,EZH2_H1-hESC_EZH2_(39875)_Broad,0.73057,0.67059,0.67506,0,,0.53471,0.53115,,,,,,,,,,,,
168,EZH2_HMEC_EZH2_(39875)_Broad,0.70548,0.65182,0.62059,0,,0.56588,0.53656,,,,,,,,,,,,
169,EZH2_HSMMtube_EZH2_(39875)_Broad,0.71909,0.65047,0.63576,0,,0.58071,0.53256,,,,,,,,,,,,
170,EZH2_HUVEC_EZH2_(39875)_Broad,0.74696,0.66282,0.65994,0,,0.56432,0.55790,,,,,,,,,,,,
171,EZH2_NH-A_EZH2_(39875)_Broad,0.74926,0.65805,0.67867,0,,0.53288,0.52597,,,,,,,,,,,,
172,EZH2_NHDF-Ad_EZH2_(39875)_Broad,0.77056,0.62406,0.67958,0,,0.54887,0.51640,,,,,,,,,,,,
173,EZH2_NHEK_EZH2_(39875)_Broad,0.75244,0.60911,0.64421,0,,0.57536,0.55542,,,,,,,,,,,,
174,EZH2_NHLF_EZH2_(39875)_Broad,0.72529,0.61416,0.66371,0,,0.58436,0.54892,,,,,,,,,,,,
175,FAM48A_HeLa-S3_SPT20_Stanford,0.63538,0.57350,0.60729,0,,0.55409,0.53877,,,,,,,,,,,,
176,FOSL1_H1-hESC_FOSL1_(SC-183)_HudsonAlpha,0.76050,0.75701,0.63981,176,,0.95965,0.82356,,,,,,,,,,,,
177,FOSL1_K562_FOSL1_(SC-183)_HudsonAlpha,0.98996,0.98630,0.95936,0,,0.96775,0.95027,,,,,,,,,,,,
178,FOSL2_HepG2_FOSL2_HudsonAlpha,0.98888,0.98073,0.97453,0,,0.96390,0.95428,,,,,,,,,,,,
179,FOS_HUVEC_c-Fos_USC,0.98379,0.95712,0.96556,0,,0.99246,0.98370,,,,,,,,,,,,
180,FOS_HeLa-S3_c-Fos_Yale,0.97748,0.96647,0.85160,180,,0.71242,0.67617,,,,,,,,,,,,
181,FOS_K562_c-Fos_Yale,0.98328,0.97005,0.93481,0,,0.95652,0.95208,,,,,,,,,,,,
182,FOS_K562_eGFP-FOS_UChicago,0.99553,0.99020,0.99150,0,,0.95662,0.97062,,,,,,,,,,,,
183,FOXA1_HepG2_FOXA1_(SC-101058)_HudsonAlpha,0.98176,0.97667,0.96523,0,,0.94700,0.96736,,,,,,,,,,,,
184,FOXA1_HepG2_FOXA1_(SC-6553)_HudsonAlpha,0.98575,0.96765,0.95832,0,,0.95300,0.97035,,,,,,,,,,,,
185,FOXA2_HepG2_FOXA2_(SC-6554)_HudsonAlpha,0.98447,0.96626,0.97002,0,,0.95221,0.95772,,,,,,,,,,,,
186,FOXM1_GM12878_FOXM1_(SC-502)_HudsonAlpha,0.91634,0.77646,0.73313,0,,0.77433,0.65724,,,,,,,,,,,,
187,FOXP2_PFSK-1_FOXP2_HudsonAlpha,0.89592,0.78514,0.73530,0,,0.79487,0.65857,,,,,,,,,,,,
188,FOXP2_SK-N-MC_FOXP2_HudsonAlpha,0.89936,0.83488,0.75316,188,,0.79986,0.77946,,,,,,,,,,,,
189,GABPA_GM12878_GABP_HudsonAlpha,0.97970,0.97006,0.97088,0,,0.96481,0.96103,,,,,,,,,,,,
190,GABPA_H1-hESC_GABP_HudsonAlpha,0.97087,0.97707,0.92591,190,,0.95882,0.96057,,,,,,,,,,,,
191,GABPA_HeLa-S3_GABP_HudsonAlpha,0.97627,0.96303,0.94182,0,,0.96506,0.96556,,,,,,,,,,,,
192,GABPA_HepG2_GABP_HudsonAlpha,0.97192,0.97237,0.96556,0,,0.94918,0.95517,,,,,,,,,,,,
193,GABPA_K562_GABP_HudsonAlpha,0.97111,0.97085,0.96789,0,,0.96247,0.96252,,,,,,,,,,,,
194,GATA1_K562_GATA-1_USC,0.95964,0.95441,0.88106,194,,0.82982,0.94050,,,,,,,,,,,,
195,GATA1_PBDE_GATA-1_USC,0.95626,0.95410,0.90303,195,,0.93742,0.93480,,,,,,,,,,,,
196,GATA2_HUVEC_GATA-2_USC,0.94616,0.92097,0.84214,196,,0.88591,0.83164,,,,,,,,,,,,
197,GATA2_K562_GATA-2_USC,0.97255,0.95725,0.92393,0,,0.86629,0.88831,,,,,,,,,,,,
198,GATA2_K562_GATA2_(SC-267)_HudsonAlpha,0.97696,0.96348,0.95580,0,,0.87841,0.95706,,,,,,,,,,,,
199,GATA2_K562_eGFP-GATA2_UChicago,0.93679,0.92953,0.83454,199,,0.94126,0.94952,,,,,,,,,,,,
200,GATA2_SH-SY5Y_GATA-2_USC,0.94740,0.91852,0.86260,200,,0.86165,0.88159,,,,,,,,,,,,
201,GATA3_MCF-7_GATA3_(SC-268)_USC,0.80366,0.75211,0.65854,201,,0.70647,0.59280,,,,,,,,,,,,
202,GATA3_MCF-7_GATA3_(SC-269)_USC,0.89395,0.78087,0.63336,202,,0.75790,0.74640,,,,,,,,,,,,
203,GATA3_SH-SY5Y_GATA3_(SC-269)_USC,0.93096,0.88450,0.80484,203,,0.81494,0.86402,,,,,,,,,,,,
204,GTF2B_K562_GTF2B_Harvard,0.75183,0.66407,0.67289,0,,0.61673,0.56651,,,,,,,,,,,,
205,GTF2F1_H1-hESC_GTF2F1_(AB28179)_Stanford,0.78074,0.72531,0.67675,0,,0.69890,0.57319,,,,,,,,,,,,
206,GTF2F1_HeLa-S3_GTF2F1_(AB28179)_Stanford,0.77120,0.62341,0.63036,0,,0.61294,0.51950,,,,,,,,,,,,
207,HDAC1_K562_HDAC1_(SC-6298)_Broad,0.71932,0.65349,0.64360,0,,0.59620,0.56531,,,,,,,,,,,,
208,HDAC2_H1-hESC_HDAC2_(SC-6296)_HudsonAlpha,0.83982,0.71617,0.67096,0,,0.65515,0.54661,,,,,,,,,,,,
209,HDAC2_HepG2_HDAC2_(SC-6296)_HudsonAlpha,0.93572,0.85736,0.82331,0,,0.84704,0.75657,,,,,,,,,,,,
210,HDAC2_K562_HDAC2_(A300-705A)_Broad,0.78004,0.72564,0.68591,0,,0.66856,0.56134,,,,,,,,,,,,
211,HDAC2_K562_HDAC2_(SC-6296)_HudsonAlpha,0.93140,0.86109,0.73815,211,,0.84998,0.72582,,,,,,,,,,,,
212,HDAC6_K562_HDAC6_(A301-341A)_Broad,0.62572,0.60046,0.55905,0,,0.54562,0.51364,,,,,,,,,,,,
213,HMGN3_K562_HMGN3_Harvard,0.85716,0.67111,0.68591,0,,0.77998,0.60525,,,,,,,,,,,,
214,HNF4A_HepG2_HNF4A_(SC-8987)_HudsonAlpha,0.98610,0.95852,0.95674,0,,0.86846,0.95020,,,,,,,,,,,,
215,HNF4G_HepG2_HNF4G_(SC-6558)_HudsonAlpha,0.97489,0.95248,0.94057,0,,0.91484,0.93118,,,,,,,,,,,,
216,IKZF1_GM12878_IKZF1_(IkN)_(UCLA)_USC,0.80112,0.69841,0.66555,0,,0.68430,0.63200,,,,,,,,,,,,
217,IRF3_HeLa-S3_IRF3_Stanford,0.95920,0.95865,0.90974,0,,0.93223,0.93458,,,,,,,,,,,,
218,IRF4_GM12878_IRF4_(SC-6059)_HudsonAlpha,0.97236,0.95481,0.92830,0,,0.87438,0.74060,,,,,,,,,,,,
219,JUNB_K562_eGFP-JunB_UChicago,0.98010,0.96389,0.95614,0,,0.89339,0.67895,,,,,,,,,,,,
220,JUND_H1-hESC_JunD_HudsonAlpha,0.89352,0.91101,0.81834,220,,0.92461,0.90778,,,,,,,,,,,,
221,JUND_H1-hESC_JunD_Stanford,0.93267,0.89183,0.89238,0,,0.95251,0.93592,,,,,,,,,,,,
222,JUND_HeLa-S3_JunD_Stanford,0.99452,0.98953,0.98720,0,,0.96596,0.92240,,,,,,,,,,,,
223,JUND_HepG2_JunD_HudsonAlpha,0.98457,0.95150,0.94388,0,,0.96276,0.87012,,,,,,,,,,,,
224,JUND_HepG2_JunD_Stanford,0.99226,0.99076,0.98198,0,,0.95999,0.94759,,,,,,,,,,,,
225,JUND_K562_JunD_Stanford,0.97890,0.96042,0.94568,0,,0.87236,0.66194,,,,,,,,,,,,
226,JUND_K562_eGFP-JunD_UChicago,0.99379,0.98446,0.97221,0,,0.85620,0.83697,,,,,,,,,,,,
227,JUN_H1-hESC_c-Jun_Stanford,0.87622,0.90524,0.83239,227,,0.98724,0.98573,,,,,,,,,,,,
228,JUN_HUVEC_c-Jun_Stanford,0.98901,0.95304,0.94724,0,,0.95070,0.93725,,,,,,,,,,,,
229,JUN_HeLa-S3_c-Jun_Stanford,0.98115,0.94667,0.93491,0,,0.96975,0.95824,,,,,,,,,,,,
230,JUN_HepG2_c-Jun_Stanford,0.98764,0.96499,0.96603,0,,0.98034,0.89683,,,,,,,,,,,,
231,JUN_K562_c-Jun_Yale,0.98381,0.97436,0.95249,0,,0.95146,0.87065,,,,,,,,,,,,
232,KAP1_HEK293_KAP1_USC,0.76725,0.74450,0.59928,232,,0.59088,0.56961,,,,,,,,,,,,
233,KAP1_K562_KAP1_USC,0.91237,0.85844,0.77204,233,,0.76091,0.62982,,,,,,,,,,,,
234,KAP1_U2OS_KAP1_USC,0.81389,0.64042,0.63860,0,,0.61679,0.55026,,,,,,,,,,,,
235,KDM5A_H1-hESC_JARID1A_(ab26049)_Broad,0.80116,0.73450,0.66050,235,,0.78091,0.69838,,,,,,,,,,,,
236,KDM5B_K562_PLU1_Broad,0.81491,0.67062,0.67578,0,,0.64860,0.59356,,,,,,,,,,,,
237,MAFF_HepG2_MafF_(M8194)_Stanford,0.99862,0.99759,0.99555,0,,0.97709,0.98205,,,,,,,,,,,,
238,MAFF_K562_MafF_(M8194)_Stanford,0.99823,0.98978,0.98868,0,,0.94804,0.98118,,,,,,,,,,,,
239,MAFK_H1-hESC_MafK_(ab50322)_Stanford,0.99300,0.99028,0.96668,0,,0.96423,0.96051,,,,,,,,,,,,
240,MAFK_HeLa-S3_MafK_(ab50322)_Stanford,0.99706,0.98648,0.97828,0,,0.95928,0.96180,,,,,,,,,,,,
241,MAFK_HepG2_MafK_(SC-477)_Stanford,0.99933,0.98661,0.99301,0,,0.97751,0.99378,,,,,,,,,,,,
242,MAFK_HepG2_MafK_(ab50322)_Stanford,0.99990,0.99717,0.99830,0,,0.97660,0.97916,,,,,,,,,,,,
243,MAFK_IMR90_MafK_(ab50322)_Stanford,0.99982,0.99757,0.99518,0,,0.98518,0.98924,,,,,,,,,,,,
244,MAFK_K562_MafK_(ab50322)_Stanford,0.99948,0.99789,0.99171,0,,0.96466,0.94790,,,,,,,,,,,,
245,MAX_A549_Max_Stanford,0.94543,0.91736,0.90532,0,,0.91568,0.91981,,,,,,,,,,,,
246,MAX_GM12878_Max_Stanford,0.93338,0.86859,0.84168,0,,0.89138,0.86924,,,,,,,,,,,,
247,MAX_H1-hESC_Max_USC,0.92785,0.89305,0.90600,0,,0.90146,0.87659,,,,,,,,,,,,
248,MAX_HUVEC_Max_Stanford,0.98322,0.96384,0.97447,0,,0.89162,0.89305,,,,,,,,,,,,
249,MAX_HeLa-S3_Max_Stanford,0.94183,0.90289,0.84188,249,,0.93247,0.95257,,,,,,,,,,,,
250,MAX_HepG2_Max_Stanford,0.96932,0.96072,0.96168,0,,0.96705,0.97081,,,,,,,,,,,,
251,MAX_K562_Max_HudsonAlpha,0.94309,0.90442,0.92131,0,,0.92076,0.91478,,,,,,,,,,,,
252,MAX_K562_Max_Stanford,0.94003,0.91589,0.91360,0,,0.92652,0.92897,,,,,,,,,,,,
253,MAX_NB4_Max_Stanford,0.98286,0.97479,0.97514,0,,0.97885,0.97703,,,,,,,,,,,,
254,MAZ_GM12878_MAZ_(ab85725)_Stanford,0.87518,0.82887,0.75976,254,,0.81317,0.78110,,,,,,,,,,,,
255,MAZ_HeLa-S3_MAZ_(ab85725)_Stanford,0.88516,0.76720,0.76020,0,,0.80640,0.64125,,,,,,,,,,,,
256,MAZ_HepG2_MAZ_(ab85725)_Stanford,0.88158,0.80107,0.78208,0,,0.78692,0.78134,,,,,,,,,,,,
257,MAZ_K562_MAZ_(ab85725)_Stanford,0.92170,0.82007,0.79107,0,,0.81475,0.76766,,,,,,,,,,,,
258,MEF2A_GM12878_MEF2A_HudsonAlpha,0.97787,0.91607,0.78031,258,,0.89878,0.90460,,,,,,,,,,,,
259,MEF2A_K562_MEF2A_HudsonAlpha,0.97123,0.93773,0.89807,0,,0.90556,0.91154,,,,,,,,,,,,
260,MEF2C_GM12878_MEF2C_(SC-13268)_HudsonAlpha,0.97502,0.92492,0.77672,260,,0.93105,0.90781,,,,,,,,,,,,
261,MTA3_GM12878_MTA3_(SC-81325)_HudsonAlpha,0.89432,0.69982,0.69060,0,,0.78320,0.66360,,,,,,,,,,,,
262,MXI1_GM12878_Mxi1_(AF4185)_Stanford,0.87258,0.81501,0.71254,262,,0.80833,0.65890,,,,,,,,,,,,
263,MXI1_H1-hESC_Mxi1_(AF4185)_Stanford,0.87291,0.86999,0.71043,263,,0.85228,0.51102,,,,,,,,,,,,
264,MXI1_HeLa-S3_Mxi1_(AF4185)_Stanford,0.91355,0.85477,0.76361,264,,0.87185,0.78405,,,,,,,,,,,,
265,MXI1_HepG2_Mxi1_(AF4185)_Stanford,0.89091,0.86320,0.72479,265,,0.83220,0.59689,,,,,,,,,,,,
266,MXI1_K562_Mxi1_(AF4185)_Stanford,0.93237,0.87383,0.70164,266,,0.86713,0.73517,,,,,,,,,,,,
267,MYBL2_HepG2_MYBL2_(SC-81192)_HudsonAlpha,0.78342,0.71889,0.61259,267,,0.70407,0.57510,,,,,,,,,,,,
268,MYC_H1-hESC_c-Myc_Stanford,0.93007,0.85509,0.65503,268,,0.84313,0.82963,,,,,,,,,,,,
269,MYC_HUVEC_c-Myc_UT-A,0.93967,0.88499,0.65708,269,,0.86968,0.85822,,,,,,,,,,,,
270,MYC_HeLa-S3_c-Myc_UT-A,0.88983,0.84934,0.57336,270,,0.87870,0.85845,,,,,,,,,,,,
271,MYC_HeLa-S3_c-Myc_Yale,0.92395,0.86770,0.69180,271,,0.88278,0.85338,,,,,,,,,,,,
272,MYC_K562_c-Myc_Stanford,0.88448,0.86774,0.83485,0,,0.87519,0.82601,,,,,,,,,,,,
273,MYC_K562_c-Myc_UT-A,0.93749,0.88800,0.79232,273,,0.89325,0.88018,,,,,,,,,,,,
274,MYC_NB4_c-Myc_Stanford,0.93146,0.89671,0.86565,0,,0.90303,0.90310,,,,,,,,,,,,
275,NANOG_H1-hESC_NANOG_(SC-33759)_HudsonAlpha,0.95269,0.92493,0.60328,275,,0.86416,0.71630,,,,,,,,,,,,
276,NFATC1_GM12878_NFATC1_(SC-17834)_HudsonAlpha,0.85794,0.79196,0.61934,276,,0.64378,0.51734,,,,,,,,,,,,
277,NFE2_K562_NF-E2_Yale,0.99680,0.99376,0.87512,277,,0.96588,0.91498,,,,,,,,,,,,
278,NFIC_GM12878_NFIC_(SC-81335)_HudsonAlpha,0.92903,0.73547,0.68891,0,,0.78825,0.61044,,,,,,,,,,,,
279,NFIC_HepG2_NFIC_(SC-81335)_HudsonAlpha,0.89372,0.79655,0.63681,279,,0.82862,0.75829,,,,,,,,,,,,
280,NFYA_GM12878_NF-YA_Harvard,0.94150,0.94039,0.85385,280,,0.92938,0.92537,,,,,,,,,,,,
281,NFYA_HeLa-S3_NF-YA_Harvard,0.97667,0.95843,0.88641,281,,0.94764,0.94270,,,,,,,,,,,,
282,NFYA_K562_NF-YA_Stanford,0.97296,0.97658,0.86450,282,,0.95820,0.95865,,,,,,,,,,,,
283,NFYB_GM12878_NF-YB_Harvard,0.98954,0.98582,0.96722,0,,0.97192,0.97590,,,,,,,,,,,,
284,NFYB_HeLa-S3_NF-YB_Harvard,0.98818,0.98716,0.96988,0,,0.97074,0.97673,,,,,,,,,,,,
285,NFYB_K562_NF-YB_Stanford,0.99316,0.99057,0.95783,0,,0.97772,0.97418,,,,,,,,,,,,
286,NR2C2_GM12878_TR4_USC,0.73680,0.73590,0.54087,286,,0.62420,0.48527,,,,,,,,,,,,
287,NR2C2_HeLa-S3_TR4_USC,0.90925,0.91535,0.58662,287,,0.84130,0.73116,,,,,,,,,,,,
288,NR2C2_HepG2_TR4_USC,0.87104,0.88677,0.59011,288,,0.83213,0.74716,,,,,,,,,,,,
289,NR2F2_K562_NR2F2_(SC-271940)_HudsonAlpha,0.95311,0.91232,0.79610,289,,0.88461,0.85280,,,,,,,,,,,,
290,NRF1_GM12878_Nrf1_Stanford,0.99541,0.98673,0.98574,0,,0.98054,0.97502,,,,,,,,,,,,
291,NRF1_H1-hESC_Nrf1_Stanford,0.99637,0.99397,0.99106,0,,0.98310,0.98918,,,,,,,,,,,,
292,NRF1_HeLa-S3_Nrf1_Stanford,0.98836,0.98101,0.98108,0,,0.97292,0.97110,,,,,,,,,,,,
293,NRF1_K562_Nrf1_Stanford,0.99180,0.98641,0.90670,293,,0.96957,0.96954,,,,,,,,,,,,
294,PAX5_GM12878_PAX5-C20_HudsonAlpha,0.96638,0.94197,0.63777,294,,0.89398,0.90068,,,,,,,,,,,,
295,PAX5_GM12878_PAX5-N19_HudsonAlpha,0.93212,0.81021,0.64792,295,,0.81487,0.73858,,,,,,,,,,,,
296,PAX5_GM12891_PAX5-C20_HudsonAlpha,0.95201,0.92702,0.60710,296,,0.86163,0.84757,,,,,,,,,,,,
297,PAX5_GM12892_PAX5-C20_HudsonAlpha,0.89586,0.87267,0.62474,297,,0.81739,0.79978,,,,,,,,,,,,
298,PBX3_GM12878_Pbx3_HudsonAlpha,0.90865,0.97470,0.76280,298,,0.95342,0.91573,,,,,,,,,,,,
299,PHF8_K562_PHF8_(A301-772A)_Broad,0.76690,0.68571,0.63854,0,,0.59769,0.57008,,,,,,,,,,,,
300,PML_GM12878_PML_(SC-71910)_HudsonAlpha,0.75866,0.67726,0.65887,0,,0.57800,0.58257,,,,,,,,,,,,
301,PML_K562_PML_(SC-71910)_HudsonAlpha,0.90350,0.83982,0.57493,301,,0.84849,0.84945,,,,,,,,,,,,
302,POLR2A_A549_Pol2(phosphoS2)_Stanford,0.64930,0.58431,0.57627,0,,0.55276,0.50666,,,,,,,,,,,,
303,POLR2A_A549_Pol2_UT-A,0.80919,0.69524,0.69590,0,,0.65478,0.61738,,,,,,,,,,,,
304,POLR2A_GM12878_Pol2(phosphoS2)_Stanford,0.74108,0.68808,0.63195,304,,0.67742,0.67629,,,,,,,,,,,,
305,POLR2A_GM12878_Pol2-4H8_HudsonAlpha,0.78704,0.67733,0.61520,305,,0.64341,0.58447,,,,,,,,,,,,
306,POLR2A_GM12878_Pol2_HudsonAlpha,0.82958,0.73828,0.69412,0,,0.67400,0.64512,,,,,,,,,,,,
307,POLR2A_GM12878_Pol2_Stanford,0.76270,0.69562,0.65872,0,,0.58451,0.56429,,,,,,,,,,,,
308,POLR2A_GM12878_Pol2_UT-A,0.78421,0.69859,0.66829,0,,0.65214,0.58058,,,,,,,,,,,,
309,POLR2A_GM12891_Pol2-4H8_HudsonAlpha,0.73990,0.66856,0.62924,0,,0.61585,0.61714,,,,,,,,,,,,
310,POLR2A_GM12891_Pol2_HudsonAlpha,0.77836,0.70328,0.66970,0,,0.65758,0.63126,,,,,,,,,,,,
311,POLR2A_GM12891_Pol2_Stanford,0.72356,0.62814,0.61533,0,,0.57975,0.57702,,,,,,,,,,,,
312,POLR2A_GM12892_Pol2-4H8_HudsonAlpha,0.78523,0.69394,0.62124,312,,0.65904,0.62861,,,,,,,,,,,,
313,POLR2A_GM12892_Pol2_HudsonAlpha,0.78527,0.66904,0.66872,0,,0.66680,0.59092,,,,,,,,,,,,
314,POLR2A_GM12892_Pol2_Stanford,0.79970,0.68821,0.68171,0,,0.66676,0.57823,,,,,,,,,,,,
315,POLR2A_GM15510_Pol2_Stanford,0.79664,0.71261,0.63984,315,,0.59546,0.52428,,,,,,,,,,,,
316,POLR2A_GM18505_Pol2_Stanford,0.81399,0.70066,0.68219,0,,0.66662,0.64601,,,,,,,,,,,,
317,POLR2A_GM18526_Pol2_Stanford,0.79168,0.66710,0.67364,0,,0.65358,0.62840,,,,,,,,,,,,
318,POLR2A_GM18951_Pol2_Stanford,0.81830,0.69935,0.67614,0,,0.62048,0.64183,,,,,,,,,,,,
319,POLR2A_GM19099_Pol2_Stanford,0.79347,0.70743,0.62674,319,,0.66156,0.63900,,,,,,,,,,,,
320,POLR2A_GM19193_Pol2_Stanford,0.80033,0.71976,0.66104,320,,0.64607,0.65760,,,,,,,,,,,,
321,POLR2A_Gliobla_Pol2_UT-A,0.80272,0.68022,0.70311,0,,0.63276,0.61384,,,,,,,,,,,,
322,POLR2A_H1-hESC_Pol2-4H8_HudsonAlpha,0.76966,0.69094,0.62568,322,,0.65850,0.61927,,,,,,,,,,,,
323,POLR2A_H1-hESC_Pol2_HudsonAlpha,0.76960,0.68039,0.64190,0,,0.69268,0.65975,,,,,,,,,,,,
324,POLR2A_H1-hESC_Pol2_UT-A,0.83790,0.74015,0.63935,324,,0.60725,0.60635,,,,,,,,,,,,
325,POLR2A_HCT-116_Pol2-4H8_HudsonAlpha,0.77636,0.66632,0.74705,0,,0.59582,0.50400,,,,,,,,,,,,
326,POLR2A_HCT-116_Pol2_USC,0.75972,0.62067,0.69114,0,,0.59997,0.60467,,,,,,,,,,,,
327,POLR2A_HUVEC_Pol2-4H8_HudsonAlpha,0.80974,0.67346,0.72992,0,,0.65007,0.59280,,,,,,,,,,,,
328,POLR2A_HUVEC_Pol2_HudsonAlpha,0.80301,0.71844,0.72124,0,,0.61928,0.57152,,,,,,,,,,,,
329,POLR2A_HUVEC_Pol2_Stanford,0.75883,0.64022,0.71278,0,,0.61356,0.61339,,,,,,,,,,,,
330,POLR2A_HUVEC_Pol2_UT-A,0.80848,0.68201,0.76687,0,,0.65636,0.59869,,,,,,,,,,,,
331,POLR2A_HeLa-S3_Pol2(phosphoS2)_Stanford,0.74299,0.65775,0.69559,0,,0.56246,0.51990,,,,,,,,,,,,
332,POLR2A_HeLa-S3_Pol2_HudsonAlpha,0.80757,0.70178,0.75153,0,,0.61894,0.62027,,,,,,,,,,,,
333,POLR2A_HeLa-S3_Pol2_UT-A,0.79723,0.49972,0.71046,0,,0.66546,0.60038,,,,,,,,,,,,
334,POLR2A_HeLa-S3_Pol2_Yale,0.80038,0.64468,0.71152,0,,0.58088,0.56609,,,,,,,,,,,,
335,POLR2A_HepG2_Pol2(phosphoS2)_Stanford,0.65923,0.61041,0.63604,0,,0.63226,0.56716,,,,,,,,,,,,
336,POLR2A_HepG2_Pol2-4H8_HudsonAlpha,0.79532,0.62849,0.69745,0,,0.57010,0.59036,,,,,,,,,,,,
337,POLR2A_HepG2_Pol2_HudsonAlpha,0.74415,0.67371,0.71059,0,,0.63731,0.50642,,,,,,,,,,,,
338,POLR2A_HepG2_Pol2_Stanford,0.77032,0.51896,0.69189,0,,0.62108,0.61580,,,,,,,,,,,,
339,POLR2A_HepG2_Pol2_UT-A,0.78216,0.61046,0.71638,0,,0.70170,0.64796,,,,,,,,,,,,
340,POLR2A_IMR90_Pol2_Stanford,0.76335,0.67383,0.73116,0,,0.60182,0.49223,,,,,,,,,,,,
341,POLR2A_K562_Pol2(b)_Broad,0.80028,0.72506,0.66908,341,,0.67924,0.60219,,,,,,,,,,,,
342,POLR2A_K562_Pol2(phosphoS2)_Stanford,0.68826,0.63382,0.62679,0,,0.55006,0.50980,,,,,,,,,,,,
343,POLR2A_K562_Pol2-4H8_HudsonAlpha,0.87094,0.80404,0.69858,343,,0.71203,0.68526,,,,,,,,,,,,
344,POLR2A_K562_Pol2_HudsonAlpha,0.83863,0.73878,0.76102,0,,0.68810,0.62091,,,,,,,,,,,,
345,POLR2A_K562_Pol2_Stanford,0.81200,0.70032,0.63979,345,,0.63914,0.57599,,,,,,,,,,,,
346,POLR2A_K562_Pol2_UT-A,0.81987,0.70796,0.76599,0,,0.69281,0.64858,,,,,,,,,,,,
347,POLR2A_K562_Pol2_Yale,0.81587,0.67198,0.75183,0,,0.75796,0.71168,,,,,,,,,,,,
348,POLR2A_MCF-7_Pol2_UT-A,0.81816,0.72292,0.74697,0,,0.64805,0.58404,,,,,,,,,,,,
349,POLR2A_PANC-1_Pol2-4H8_HudsonAlpha,0.77563,0.66290,0.68797,0,,0.65488,0.57186,,,,,,,,,,,,
350,POLR2A_PBDE_Pol2_USC,0.78878,0.64736,0.71933,0,,0.64280,0.58230,,,,,,,,,,,,
351,POLR2A_ProgFib_Pol2_UT-A,0.81550,0.69127,0.76162,0,,0.68994,0.67148,,,,,,,,,,,,
352,POLR2A_Raji_Pol2_USC,0.75135,0.65873,0.70690,0,,0.63500,0.56802,,,,,,,,,,,,
353,POLR2A_SK-N-MC_Pol2-4H8_HudsonAlpha,0.89167,0.79731,0.74336,353,,0.78198,0.71585,,,,,,,,,,,,
354,POLR2A_SK-N-SH_Pol2-4H8_HudsonAlpha,0.77112,0.68367,0.70036,0,,0.60833,0.59020,,,,,,,,,,,,
355,POLR2A_U87_Pol2-4H8_HudsonAlpha,0.76932,0.66435,0.69491,0,,0.60228,0.55414,,,,,,,,,,,,
356,POU2F2_GM12878_POU2F2_HudsonAlpha,0.93261,0.87755,0.79136,356,,0.86086,0.82270,,,,,,,,,,,,
357,POU2F2_GM12891_POU2F2_HudsonAlpha,0.93575,0.89737,0.78117,357,,0.88608,0.86548,,,,,,,,,,,,
358,POU5F1_H1-hESC_POU5F1_(SC-9081)_HudsonAlpha,0.97697,0.95884,0.93111,0,,0.91060,0.91886,,,,,,,,,,,,
359,PRDM1_HeLa-S3_PRDM1_(9115)_Stanford,0.98151,0.97187,0.93060,0,,0.93712,0.96088,,,,,,,,,,,,
360,RAD21_A549_Rad21_Stanford,0.99876,0.99669,0.98875,0,,0.97841,0.97923,,,,,,,,,,,,
361,RAD21_GM12878_Rad21_HudsonAlpha,0.99766,0.99745,0.98186,0,,0.97616,0.97738,,,,,,,,,,,,
362,RAD21_GM12878_Rad21_Stanford,0.99812,0.99640,0.98600,0,,0.98095,0.98095,,,,,,,,,,,,
363,RAD21_H1-hESC_Rad21_HudsonAlpha,0.99670,0.99683,0.98058,0,,0.98019,0.98159,,,,,,,,,,,,
364,RAD21_H1-hESC_Rad21_Stanford,0.99628,0.99828,0.97900,0,,0.97426,0.97939,,,,,,,,,,,,
365,RAD21_HeLa-S3_Rad21_Stanford,0.99544,0.99603,0.96847,0,,0.95886,0.97710,,,,,,,,,,,,
366,RAD21_HepG2_Rad21_HudsonAlpha,0.99593,0.99676,0.97061,0,,0.96518,0.97157,,,,,,,,,,,,
367,RAD21_HepG2_Rad21_Stanford,0.99661,0.99683,0.98514,0,,0.97806,0.97772,,,,,,,,,,,,
368,RAD21_IMR90_Rad21_Stanford,0.99708,0.99828,0.97222,0,,0.98176,0.98176,,,,,,,,,,,,
369,RAD21_K562_Rad21_HudsonAlpha,0.99815,0.99559,0.98635,0,,0.95987,0.96305,,,,,,,,,,,,
370,RAD21_SK-N-SH-(Retinoic-Acid)_Rad21_HudsonAlpha,0.99960,0.99771,0.96973,0,,0.96216,0.97959,,,,,,,,,,,,
371,RBBP5_H1-hESC_RBBP5_(A300-109A)_Broad,0.73001,0.66732,0.69518,0,,0.53881,0.52712,,,,,,,,,,,,
372,RBBP5_K562_RBBP5_(A300-109A)_Broad,0.78893,0.67828,0.74276,0,,0.62127,0.60752,,,,,,,,,,,,
373,RCOR1_HeLa-S3_COREST_(sc-30189)_Stanford,0.86933,0.70617,0.67428,0,,0.73042,0.62394,,,,,,,,,,,,
374,RCOR1_HepG2_COREST_(sc-30189)_Stanford,0.85578,0.72311,0.67543,0,,0.69849,0.57453,,,,,,,,,,,,
375,RCOR1_K562_COREST_(ab24166)_Stanford,0.87960,0.84222,0.68739,375,,0.82742,0.84342,,,,,,,,,,,,
376,RCOR1_K562_COREST_(sc-30189)_Stanford,0.92403,0.87761,0.74130,376,,0.83206,0.78784,,,,,,,,,,,,
377,REST_GM12878_NRSF_HudsonAlpha,0.99934,0.99921,0.97888,0,,0.99468,0.93764,,,,,,,,,,,,
378,REST_H1-hESC_NRSF_HudsonAlpha,0.99987,0.99956,0.98386,0,,0.98856,0.94244,,,,,,,,,,,,
379,REST_HeLa-S3_NRSF_HudsonAlpha,0.99957,0.99936,0.97195,0,,0.99114,0.94419,,,,,,,,,,,,
380,REST_HepG2_NRSF_HudsonAlpha,0.99821,0.99912,0.97392,0,,0.98983,0.95514,,,,,,,,,,,,
381,REST_K562_NRSF_HudsonAlpha,0.99866,0.99968,0.88977,381,,0.99553,0.93270,,,,,,,,,,,,
382,REST_PANC-1_NRSF_HudsonAlpha,0.99857,0.99821,0.98143,0,,0.99040,0.93814,,,,,,,,,,,,
383,REST_PFSK-1_NRSF_HudsonAlpha,0.99909,0.99889,0.94545,383,,0.99479,0.91356,,,,,,,,,,,,
384,REST_SK-N-SH_NRSF_HudsonAlpha,0.97884,0.98702,0.83038,384,,0.96990,0.93290,,,,,,,,,,,,
385,REST_U87_NRSF_HudsonAlpha,0.99564,0.99809,0.89494,385,,0.98886,0.92222,,,,,,,,,,,,
386,RFX5_GM12878_RFX5_(200-401-194)_Stanford,0.97281,0.96788,0.68150,386,,0.92112,0.79158,,,,,,,,,,,,
387,RFX5_H1-hESC_RFX5_(200-401-194)_Stanford,0.91385,0.90017,0.75669,387,,0.88482,0.87768,,,,,,,,,,,,
388,RFX5_HeLa-S3_RFX5_(200-401-194)_Stanford,0.95454,0.94756,0.67279,388,,0.89190,0.85278,,,,,,,,,,,,
389,RFX5_HepG2_RFX5_(200-401-194)_Stanford,0.93688,0.94939,0.85391,389,,0.94680,0.89803,,,,,,,,,,,,
390,RFX5_K562_RFX5_(200-401-194)_Stanford,0.88234,0.84720,0.69695,390,,0.81161,0.73430,,,,,,,,,,,,
391,RPC155_HeLa-S3_RPC155_Harvard,0.94541,0.92740,0.83799,391,,0.83500,0.66880,,,,,,,,,,,,
392,RUNX3_GM12878_RUNX3_(SC-101553)_HudsonAlpha,0.97420,0.93657,0.88305,392,,0.92966,0.92143,,,,,,,,,,,,
393,RXRA_GM12878_RXRA_HudsonAlpha,0.72348,0.71496,0.62387,393,,0.64227,0.56725,,,,,,,,,,,,
394,RXRA_HepG2_RXRA_HudsonAlpha,0.93904,0.85840,0.76648,394,,0.85786,0.82942,,,,,,,,,,,,
395,SAP30_K562_SAP30_(39731)_Broad,0.67138,0.60625,0.69573,0,,0.59861,0.53670,,,,,,,,,,,,
396,SETDB1_K562_SETDB1_USC,0.86471,0.82050,0.71071,396,,0.62760,0.64138,,,,,,,,,,,,
397,SETDB1_U2OS_SETDB1_USC,0.92783,0.90926,0.69214,397,,0.75104,0.56708,,,,,,,,,,,,
398,SIN3AK20_H1-hESC_Sin3Ak-20_HudsonAlpha,0.92793,0.82137,0.78407,0,,0.65463,0.57510,,,,,,,,,,,,
399,SIN3AK20_HepG2_Sin3Ak-20_HudsonAlpha,0.81543,0.73799,0.73441,0,,0.84219,0.62228,,,,,,,,,,,,
400,SIN3AK20_K562_Sin3Ak-20_HudsonAlpha,0.79662,0.78297,0.70773,400,,0.83345,0.64383,,,,,,,,,,,,
401,SIN3AK20_PFSK-1_Sin3Ak-20_HudsonAlpha,0.83157,0.76936,0.70629,401,,0.72848,0.53608,,,,,,,,,,,,
402,SIN3AK20_SK-N-SH_Sin3Ak-20_HudsonAlpha,0.80875,0.66542,0.70484,0,,0.74966,0.56271,,,,,,,,,,,,
403,SIN3A_GM12878_SIN3A_(NB600-1263)_Stanford,0.77911,0.72163,0.69148,0,,0.72526,0.55966,,,,,,,,,,,,
404,SIN3A_H1-hESC_SIN3A_(NB600-1263)_Stanford,0.89545,0.74180,0.76127,0,,0.71294,0.53069,,,,,,,,,,,,
405,SIRT6_K562_SIRT6_Harvard,0.87737,0.86329,0.69610,405,,0.83694,0.73022,,,,,,,,,,,,
406,SIX5_GM12878_SIX5_HudsonAlpha,0.98271,0.95841,0.95495,0,,0.95328,0.92253,,,,,,,,,,,,
407,SIX5_H1-hESC_SIX5_HudsonAlpha,0.99094,0.96386,0.96378,0,,0.95002,0.96002,,,,,,,,,,,,
408,SIX5_K562_SIX5_HudsonAlpha,0.98543,0.93398,0.94966,0,,0.94731,0.93245,,,,,,,,,,,,
409,SMARCB1_HeLa-S3_Ini1_Stanford,0.75634,0.63875,0.65391,0,,0.62439,0.59142,,,,,,,,,,,,
410,SMC3_GM12878_SMC3_(ab9263)_Stanford,0.99843,0.99683,0.98808,0,,0.97486,0.98159,,,,,,,,,,,,
411,SMC3_HeLa-S3_SMC3_(ab9263)_Stanford,0.99545,0.99629,0.98963,0,,0.96722,0.97620,,,,,,,,,,,,
412,SMC3_HepG2_SMC3_(ab9263)_Stanford,0.99655,0.99347,0.99383,0,,0.97378,0.97672,,,,,,,,,,,,
413,SMC3_K562_SMC3_(ab9263)_Stanford,0.99823,0.99686,0.99241,0,,0.96396,0.98268,,,,,,,,,,,,
414,SP1_GM12878_SP1_HudsonAlpha,0.90003,0.89811,0.63619,414,,0.91744,0.88278,,,,,,,,,,,,
415,SP1_H1-hESC_SP1_HudsonAlpha,0.90977,0.89873,0.74545,415,,0.84702,0.76814,,,,,,,,,,,,
416,SP1_HepG2_SP1_HudsonAlpha,0.89921,0.75533,0.74591,0,,0.83032,0.67108,,,,,,,,,,,,
417,SP1_K562_SP1_HudsonAlpha,0.91156,0.85385,0.77893,417,,0.86338,0.78566,,,,,,,,,,,,
418,SP2_H1-hESC_SP2_(SC-643)_HudsonAlpha,0.94551,0.95161,0.81354,418,,0.92609,0.79003,,,,,,,,,,,,
419,SP2_K562_SP2_(SC-643)_HudsonAlpha,0.91621,0.90956,0.82159,419,,0.91829,0.75218,,,,,,,,,,,,
420,SP4_H1-hESC_SP4_(V-20)_HudsonAlpha,0.80808,0.68655,0.66047,0,,0.74324,0.64248,,,,,,,,,,,,
421,SPI1_GM12878_PU_1_HudsonAlpha,0.99930,0.99767,0.99805,0,,0.93666,0.99611,,,,,,,,,,,,
422,SPI1_GM12891_PU_1_HudsonAlpha,0.99815,0.99801,0.99202,0,,0.95876,0.99101,,,,,,,,,,,,
423,SPI1_K562_PU_1_HudsonAlpha,0.99827,0.99428,0.99395,0,,0.95075,0.98937,,,,,,,,,,,,
424,SRF_H1-hESC_SRF_HudsonAlpha,0.95988,0.93890,0.89667,0,,0.90770,0.81534,,,,,,,,,,,,
425,SRF_HepG2_SRF_HudsonAlpha,0.95411,0.91249,0.90482,0,,0.90864,0.85479,,,,,,,,,,,,
426,SRF_K562_SRF_HudsonAlpha,0.83251,0.88313,0.76351,426,,0.84931,0.67236,,,,,,,,,,,,
427,STAT3_HeLa-S3_STAT3_Stanford,0.97501,0.92539,0.88062,0,,0.90031,0.85747,,,,,,,,,,,,
428,STAT5A_GM12878_STAT5A_(SC-74442)_HudsonAlpha,0.86750,0.76643,0.68573,428,,0.76451,0.53679,,,,,,,,,,,,
429,STAT5A_K562_STAT5A_(SC-74442)_HudsonAlpha,0.96881,0.95845,0.91816,0,,0.92726,0.67741,,,,,,,,,,,,
430,SUZ12_H1-hESC_SUZ12_USC,0.65780,0.66115,0.63294,0,,0.51610,0.52490,,,,,,,,,,,,
431,TAF1_GM12878_TAF1_HudsonAlpha,0.87716,0.77943,0.78908,0,,0.80741,0.68386,,,,,,,,,,,,
432,TAF1_GM12891_TAF1_HudsonAlpha,0.84926,0.73888,0.75733,0,,0.77037,0.69553,,,,,,,,,,,,
433,TAF1_GM12892_TAF1_HudsonAlpha,0.86068,0.76735,0.78400,0,,0.75718,0.70711,,,,,,,,,,,,
434,TAF1_H1-hESC_TAF1_HudsonAlpha,0.84912,0.77547,0.78354,0,,0.75751,0.67049,,,,,,,,,,,,
435,TAF1_HeLa-S3_TAF1_HudsonAlpha,0.84456,0.71203,0.76214,0,,0.77301,0.64325,,,,,,,,,,,,
436,TAF1_HepG2_TAF1_HudsonAlpha,0.87670,0.75426,0.77468,0,,0.67316,0.65970,,,,,,,,,,,,
437,TAF1_K562_TAF1_HudsonAlpha,0.85592,0.80614,0.77257,0,,0.80176,0.68392,,,,,,,,,,,,
438,TAF1_PFSK-1_TAF1_HudsonAlpha,0.83754,0.78212,0.75472,0,,0.76543,0.64690,,,,,,,,,,,,
439,TAF1_SK-N-SH_TAF1_HudsonAlpha,0.86144,0.74691,0.77358,0,,0.79206,0.65957,,,,,,,,,,,,
440,TAF7_H1-hESC_TAF7_(SC-101167)_HudsonAlpha,0.79511,0.67982,0.68212,0,,0.65489,0.59727,,,,,,,,,,,,
441,TAF7_K562_TAF7_(SC-101167)_HudsonAlpha,0.70282,0.63769,0.66370,0,,0.62606,0.57231,,,,,,,,,,,,
442,TAL1_K562_TAL1_(SC-12984)_Stanford,0.98762,0.97456,0.96942,0,,0.96044,0.96440,,,,,,,,,,,,
443,TBL1XR1_GM12878_TBLR1_(ab24550)_Stanford,0.89857,0.79143,0.69440,443,,0.76949,0.69380,,,,,,,,,,,,
444,TBL1XR1_K562_TBLR1_(NB600-270)_Stanford,0.93669,0.88521,0.70522,444,,0.74361,0.67719,,,,,,,,,,,,
445,TBL1XR1_K562_TBLR1_(ab24550)_Stanford,0.83526,0.83008,0.62935,445,,0.85302,0.78722,,,,,,,,,,,,
446,TBP_GM12878_TBP_Stanford,0.76704,0.78880,0.61551,446,,0.65584,0.57777,,,,,,,,,,,,
447,TBP_H1-hESC_TBP_Stanford,0.73378,0.80947,0.64460,447,,0.74194,0.65169,,,,,,,,,,,,
448,TBP_HeLa-S3_TBP_Stanford,0.76027,0.76686,0.64645,448,,0.72498,0.57250,,,,,,,,,,,,
449,TBP_HepG2_TBP_Stanford,0.78974,0.81478,0.68152,449,,0.75253,0.60082,,,,,,,,,,,,
450,TBP_K562_TBP_Stanford,0.79809,0.71588,0.69193,0,,0.72500,0.60780,,,,,,,,,,,,
451,TCF12_GM12878_TCF12_HudsonAlpha,0.93553,0.87923,0.89058,0,,0.88975,0.88183,,,,,,,,,,,,
452,TCF12_H1-hESC_TCF12_HudsonAlpha,0.93035,0.90006,0.84606,452,,0.88494,0.86284,,,,,,,,,,,,
453,TCF12_HepG2_TCF12_HudsonAlpha,0.86657,0.83516,0.64173,453,,0.72391,0.72795,,,,,,,,,,,,
454,TCF3_GM12878_TCF3_(SC-349)_HudsonAlpha,0.89812,0.83052,0.84416,0,,0.84858,0.83043,,,,,,,,,,,,
455,TCF7L2_HCT-116_TCF7L2_USC,0.95566,0.90004,0.81588,455,,0.88263,0.87545,,,,,,,,,,,,
456,TCF7L2_HEK293_TCF7L2_USC,0.87968,0.83318,0.65167,456,,0.85302,0.83287,,,,,,,,,,,,
457,TCF7L2_HeLa-S3_TCF7L2_C9B9_(2565)_USC,0.90857,0.91679,0.70966,457,,0.87465,0.87840,,,,,,,,,,,,
458,TCF7L2_MCF-7_TCF7L2_USC,0.89539,0.88188,0.75229,458,,0.85236,0.85928,,,,,,,,,,,,
459,TCF7L2_PANC-1_TCF7L2_USC,0.85278,0.83475,0.71792,459,,0.83362,0.80851,,,,,,,,,,,,
460,TEAD4_H1-hESC_TEAD4_(SC-101184)_HudsonAlpha,0.98956,0.98170,0.96693,0,,0.96941,0.96600,,,,,,,,,,,,
461,TEAD4_HepG2_TEAD4_(SC-101184)_HudsonAlpha,0.95197,0.89295,0.81995,461,,0.90606,0.88746,,,,,,,,,,,,
462,TEAD4_K562_TEAD4_(SC-101184)_HudsonAlpha,0.96716,0.93851,0.90326,0,,0.83361,0.93008,,,,,,,,,,,,
463,TFAP2A_HeLa-S3_AP-2alpha_USC,0.97343,0.94638,0.93526,0,,0.87227,0.92626,,,,,,,,,,,,
464,TFAP2C_HeLa-S3_AP-2gamma_USC,0.96706,0.92482,0.90589,0,,0.91032,0.90308,,,,,,,,,,,,
465,THAP1_K562_THAP1_(SC-98174)_HudsonAlpha,0.83479,0.81224,0.70006,465,,0.81379,0.63632,,,,,,,,,,,,
466,TRIM28_K562_TRIM28_(SC-81411)_HudsonAlpha,0.84043,0.86927,0.74774,466,,0.83231,0.82466,,,,,,,,,,,,
467,UBTF_K562_UBF_(sc-13125)_Stanford,0.76344,0.69075,0.71074,0,,0.58780,0.59041,,,,,,,,,,,,
468,UBTF_K562_UBTF_(SAB1404509)_Stanford,0.74046,0.73828,0.74690,0,,0.62902,0.57923,,,,,,,,,,,,
469,USF1_GM12878_USF-1_HudsonAlpha,0.98789,0.98842,0.98482,0,,0.98475,0.98354,,,,,,,,,,,,
470,USF1_H1-hESC_USF-1_HudsonAlpha,0.99852,0.99383,0.99549,0,,0.99565,0.99454,,,,,,,,,,,,
471,USF1_HepG2_USF-1_HudsonAlpha,0.99298,0.99457,0.99416,0,,0.99226,0.99324,,,,,,,,,,,,
472,USF1_K562_USF-1_HudsonAlpha,0.99311,0.98913,0.98786,0,,0.97696,0.98967,,,,,,,,,,,,
473,USF1_SK-N-SH-(Retinoic-Acid)_USF1_(SC-8983)_HudsonAlpha,0.99525,0.99046,0.99118,0,,0.97817,0.98735,,,,,,,,,,,,
474,USF2_GM12878_USF2_Stanford,0.99115,0.98154,0.98697,0,,0.97816,0.98527,,,,,,,,,,,,
475,USF2_H1-hESC_USF2_Stanford,0.99744,0.99437,0.99606,0,,0.98588,0.99326,,,,,,,,,,,,
476,USF2_HeLa-S3_USF2_Stanford,0.99604,0.98841,0.99399,0,,0.98743,0.98796,,,,,,,,,,,,
477,USF2_HepG2_USF2_Stanford,0.99467,0.99154,0.99385,0,,0.99378,0.99162,,,,,,,,,,,,
478,USF2_K562_USF2_Stanford,0.99153,0.99280,0.99090,0,,0.99113,0.98862,,,,,,,,,,,,
479,WRNIP1_GM12878_WHIP_Stanford,0.74653,0.60439,0.60591,0,,0.56527,0.48690,,,,,,,,,,,,
480,YY1_GM12878_YY1_(SC-281)_HudsonAlpha,0.97743,0.97980,0.94040,0,,0.91707,0.96307,,,,,,,,,,,,
481,YY1_GM12891_YY1_(SC-281)_HudsonAlpha,0.98370,0.98961,0.93949,481,,0.98403,0.98738,,,,,,,,,,,,
482,YY1_GM12892_YY1_HudsonAlpha,0.98058,0.99019,0.98001,0,,0.97654,0.97739,,,,,,,,,,,,
483,YY1_H1-hESC_YY1_(SC-281)_HudsonAlpha,0.98488,0.98685,0.96945,0,,0.96812,0.96821,,,,,,,,,,,,
484,YY1_HCT-116_YY1_(SC-281)_HudsonAlpha,0.97889,0.98241,0.91695,484,,0.96714,0.96961,,,,,,,,,,,,
485,YY1_HepG2_YY1_(SC-281)_HudsonAlpha,0.97619,0.97782,0.95680,0,,0.94173,0.95510,,,,,,,,,,,,
486,YY1_K562_YY1_(SC-281)_HudsonAlpha,0.98619,0.98685,0.95358,0,,0.95954,0.97442,,,,,,,,,,,,
487,YY1_K562_YY1_HudsonAlpha,0.98677,0.98733,0.98118,0,,0.97726,0.98653,,,,,,,,,,,,
488,YY1_NT2-D1_YY1_USC,0.98997,0.98682,0.96980,0,,0.94842,0.98252,,,,,,,,,,,,
489,YY1_SK-N-SH-(Retinoic-Acid)_YY1_(SC-281)_HudsonAlpha,0.98173,0.98407,0.96130,0,,0.93567,0.97439,,,,,,,,,,,,
490,ZBTB33_GM12878_ZBTB33_HudsonAlpha,0.92735,0.90013,0.88265,0,,0.87975,0.87044,,,,,,,,,,,,
491,ZBTB33_HCT-116_ZBTB33_HudsonAlpha,0.84846,0.79409,0.66029,491,,0.83508,0.77084,,,,,,,,,,,,
492,ZBTB33_HepG2_ZBTB33_HudsonAlpha,0.90435,0.90731,0.81210,492,,0.85139,0.80621,,,,,,,,,,,,
493,ZBTB33_K562_ZBTB33_HudsonAlpha,0.91227,0.87914,0.88468,0,,0.86902,0.86299,,,,,,,,,,,,
494,ZBTB7A_HepG2_ZBTB7A_(SC-34508)_HudsonAlpha,0.87414,0.80072,0.69644,494,,0.77424,0.74458,,,,,,,,,,,,
495,ZBTB7A_K562_ZBTB7A_(SC-34508)_HudsonAlpha,0.87616,0.81379,0.70072,495,,0.75900,0.73978,,,,,,,,,,,,
496,ZEB1_GM12878_ZEB1_(SC-25388)_HudsonAlpha,0.91269,0.88656,0.80047,496,,0.87471,0.85414,,,,,,,,,,,,
497,ZNF143_GM12878_Znf143_(16618-1-AP)_Stanford,0.97164,0.98193,0.62049,497,,0.94956,0.90520,,,,,,,,,,,,
498,ZNF143_H1-hESC_Znf143_(16618-1-AP)_Stanford,0.98237,0.98293,0.82285,498,,0.98211,0.95195,,,,,,,,,,,,
499,ZNF143_HeLa-S3_Znf143_(16618-1-AP)_Stanford,0.99150,0.99078,0.97504,0,,0.98331,0.96926,,,,,,,,,,,,
500,ZNF143_K562_Znf143_(16618-1-AP)_Stanford,0.97983,0.99039,0.76652,500,,0.98572,0.95406,,,,,,,,,,,,
501,ZNF217_MCF-7_ZNF217_USC,0.87329,0.70863,0.65808,501,,0.72666,0.66878,,,,,,,,,,,,
502,ZNF263_HEK293-T-REx_ZNF263_USC,0.94919,0.89794,0.83958,502,,0.86108,0.74860,,,,,,,,,,,,
503,ZNF263_K562_ZNF263_USC,0.89403,0.87904,0.69354,503,,0.82463,0.82975,,,,,,,,,,,,
504,ZNF274_K562_ZNF274_(M01)_USC,0.90856,0.81521,0.80204,0,,0.70399,0.70364,,,,,,,,,,,,
505,ZNF274_K562_ZNF274_USC,0.93479,0.92770,0.90638,0,,0.90175,0.88314,,,,,,,,,,,,
,average,0.91390,0.87444,0.83540,,,0.84427,0.81288,,,,,,,,,,,,
